seq,x,y,yaw
0,-45.4374,16.0579,2.33654
1,-45.219,16.1149,2.34407
2,-44.6123,16.6412,2.3653
