id,x,y,yaw
0,-42.2706,9.49309,2.42771
1,-42.2706,9.8611,2.42638
2,-42.2851,10.1758,2.42538
3,-42.4025,10.4413,2.42438
4,-42.4796,10.5343,2.41764
5,-47.6377,16.0452,2.42997
