seq,x,y,yaw
0,-56.1897,9.30066,2.55457
1,-65.8047,8.41218,2.56368
2,-87.6496,2.93482,2.5669
3,-114.485,1.76272,2.3369
4,-153.175,2.78461,3.28668
5,-217.741,15.295,4.39183
