seq,x,y,yaw
0,-45.0525,14.3247,2.44414
1,-46.2769,14.3673,2.4744
2,-47.7846,14.3537,2.48875
3,-49.0594,14.4298,2.5246
4,-50.122,13.8841,2.54008
5,-51.5172,12.0594,2.51742
6,-52.4484,10.3184,2.47807
7,-53.1212,9.14141,2.45296
8,-53.8429,7.09673,2.38708
