id,x,y,yaw
0,-47.4279,7.22732,3.99331
1,-48.6343,7.75009,3.97348
2,-49.312,8.36002,3.96616
