id,x,y,yaw
0,-43.8067,7.97317,2.42904
1,-43.4268,8.51112,2.42736
2,-43.188,9.02304,2.42873
3,-42.9987,9.47701,2.43042
4,-42.914,9.87706,2.43071
5,-42.8453,10.2002,2.43036
6,-49.1884,14.3313,2.42836
7,-48.8571,14.8154,2.42785
8,-48.6659,15.1817,2.42694
9,-48.5179,15.4877,2.42693
