seq,x,y,yaw
0,-44.2706,7.47248,2.4334
1,-44.2706,7.47248,2.4334
2,-44.2706,7.47248,2.4334
3,-44.2706,7.47248,2.4334
4,-44.2706,7.47248,2.4334
5,-44.2706,7.47248,2.4334
6,-44.2706,7.47248,2.4334
7,-44.2706,7.47248,2.4334
8,-44.2706,7.47248,2.4334
9,-44.2706,7.47248,2.4334
10,-44.2706,7.47248,2.4334
11,-44.2706,7.47248,2.4334
